{
    "KNN+DMoN": {
        "NMI": 0.36118619337906094,
        "ARI": 0.07648844530250751,
        "Silhouette_cosine": 0.07138363271951675
    },
    "KNN+MinCutPool": {
        "NMI": 0.3864051772399237,
        "ARI": 0.07364741133644549,
        "Silhouette_cosine": 0.3009633421897888
    }
}