Method,Trustworthiness,Continuity,KNN Preservation,Normalized Stress,Bray-Curtis Corr,Aitchison Corr,Jaccard Corr
PCA,0.7677063796682296,0.8791241851875113,0.050581717451523546,0.6088135838508606,0.6630369527576244,0.17352320324316114,0.6438025416596531
Jaccard PCoA,0.7463319730166393,0.8534544427485975,0.048781163434903047,0.9910750573688635,0.7125772730171469,0.009360550366183527,0.8060971204701182
MDS,0.7725144640415162,0.8477287360768548,0.04988919667590028,0.3258272498894814,0.338202903001589,0.3416522913179005,0.29075097597703103
t-SNE,0.8873151001318188,0.9373944572906668,0.27545706371191137,0.4190850555896759,0.559770923755803,0.16666234533362712,0.5845891432245232
UMAP,0.8491370511041607,0.9370643284272795,0.15484764542936288,0.8587388396263123,0.6605550850159755,0.1354573703005843,0.6703624224091872
PaCMAP,0.8585055345790295,0.8898840834469713,0.13349030470914128,0.7163360714912415,0.6641872726562615,0.14010324262733911,0.668417686819185
PHATE,0.8113905940477699,0.9084041909211095,0.1242382271468144,0.9995132983486732,0.6577959515530165,0.09078764410090476,0.6447787489369301
SONG,0.8555671811620478,0.891635266097905,0.13077562326869807,0.8196831941604614,0.4594102134984972,0.1903265954115667,0.4571041076745268
