{
    "KNN+DMoN": {
        "NMI": 0.2734661383389278,
        "ARI": 0.06019070652798956,
        "Silhouette_cosine": 0.037347208708524704
    },
    "KNN+MinCutPool": {
        "NMI": 0.22321573701553207,
        "ARI": -0.04903085648684512,
        "Silhouette_cosine": 0.21387237310409546
    }
}