{
    "KNN+DMoN": {
        "NMI": 0.102980141664224,
        "ARI": 0.04077858887084189,
        "Silhouette_cosine": 0.01787620224058628
    },
    "KNN+MinCutPool": {
        "NMI": 0.036907581570748894,
        "ARI": 0.04481516360656563,
        "Silhouette_cosine": 0.1195649579167366
    }
}