{
    "KNN+DMoN": {
        "NMI": 0.3030042256063923,
        "ARI": 0.06219544912960726,
        "Silhouette_cosine": 0.03293495625257492
    },
    "KNN+MinCutPool": {
        "NMI": 0.3833216773913275,
        "ARI": 0.16597780484029506,
        "Silhouette_cosine": 0.24724180996418
    }
}