{
    "KNN+DMoN": {
        "NMI": 0.3089061565471266,
        "ARI": 0.155774725781178,
        "Silhouette_cosine": 0.11944348365068436
    },
    "KNN+MinCutPool": {
        "NMI": 0.2334904045641593,
        "ARI": 0.14200077627474375,
        "Silhouette_cosine": 0.10611827671527863
    }
}